codon	2Ns	clm_ratio	#_1st_bin<10	total_SNPs(w/o 0 bin)	rev_codon	rev_2Ns	rev_clm_ratio	rev_#_1st_bin<10	rev_total_SNPs(w/o 0 bin)	Comparison	codon	2Ns	rev_codon	rev_2Ns	closeness
Aga-Cga	-1000	1.9881369501790316	1	22.0	Cga-Aga	-0.49001	1.0114800799616497	2	51.3	 	Aga-Cga	-1000	Cga-Aga	-0.49001	False
Agg-Cgg	-1.6623	1.2457010996393603	1	19.999999999999996	Cgg-Agg	-0.54764	0.8798648647184775	2	63.29999999999999	 	Agg-Cgg	-1.6623	Cgg-Agg	-0.54764	False
Cga-Aga	-0.49001	1.0114800799616497	2	51.3	Aga-Cga	-1000	1.9881369501790316	1	22.0	 	Cga-Aga	-0.49001	Aga-Cga	-1000	False
Cgg-Agg	-0.54764	0.8798648647184775	2	63.29999999999999	Agg-Cgg	-1.6623	1.2457010996393603	1	19.999999999999996	 	Cgg-Agg	-0.54764	Agg-Cgg	-1.6623	False
Cta-Tta	-1.1445	0.9638706133329398	2	65.3	Tta-Cta	-0.77963	0.9359463661886404	2	35.89999999999999	 	Cta-Tta	-1.1445	Tta-Cta	-0.77963	False
Ctg-Ttg	-0.34533	0.9980025280097893	7	303.20000000000005	Ttg-Ctg	0.36786	0.969144792390822	5	164.70000000000002	 	Ctg-Ttg	-0.34533	Ttg-Ctg	0.36786	True
Tta-Cta	-0.77963	0.9359463661886404	2	35.89999999999999	Cta-Tta	-1.1445	0.9638706133329398	2	65.3	 	Tta-Cta	-0.77963	Cta-Tta	-1.1445	False
Ttg-Ctg	0.36786	0.969144792390822	5	164.70000000000002	Ctg-Ttg	-0.34533	0.9980025280097893	7	303.20000000000005	 	Ttg-Ctg	0.36786	Ctg-Ttg	-0.34533	True
aaA-aaG	-1.1758	0.9771407862497281	5	181.59999999999997	aaG-aaA	-0.14036	0.987536069424701	6	277.09999999999997	 	aaA-aaG	-1.1758	aaG-aaA	-0.14036	False
aaC-aaT	-0.61935	0.9888431016529421	11	576.9000000000001	aaT-aaC	0.4604	0.9789254251181391	5	177.00000000000003	 	aaC-aaT	-0.61935	aaT-aaC	0.4604	True
aaG-aaA	-0.14036	0.987536069424701	6	277.09999999999997	aaA-aaG	-1.1758	0.9771407862497281	5	181.59999999999997	 	aaG-aaA	-0.14036	aaA-aaG	-1.1758	False
aaT-aaC	0.4604	0.9789254251181391	5	177.00000000000003	aaC-aaT	-0.61935	0.9888431016529421	11	576.9000000000001	 	aaT-aaC	0.4604	aaC-aaT	-0.61935	True
acA-acC	-0.33429	0.9651998697864511	2	54.89999999999999	acC-acA	-2.1127	1.0692141927506382	3	81.9	 	acA-acC	-0.33429	acC-acA	-2.1127	False
acA-acG	-0.22243	0.9899175516624362	6	225.50000000000003	acG-acA	-0.79792	1.002397450057952	12	672.7000000000002	 	acA-acG	-0.22243	acG-acA	-0.79792	False
acA-acT	0.11091	0.9328763691972323	2	35.00000000000001	acT-acA	1000	0.7479163682105304	2	24.900000000000002	 	acA-acT	0.11091	acT-acA	1000	False
acC-acA	-2.1127	1.0692141927506382	3	81.9	acA-acC	-0.33429	0.9651998697864511	2	54.89999999999999	 	acC-acA	-2.1127	acA-acC	-0.33429	False
acC-acG	-0.35273	0.9592557239974399	3	88.39999999999999	acG-acC	3.2813	0.8827600052708326	2	29.6	 	acC-acG	-0.35273	acG-acC	3.2813	False
acC-acT	-0.33516	0.9839666374038061	9	471.2	acT-acC	-0.58802	0.962238804216186	4	114.4	 	acC-acT	-0.33516	acT-acC	-0.58802	False
acG-acA	-0.79792	1.002397450057952	12	672.7000000000002	acA-acG	-0.22243	0.9899175516624362	6	225.50000000000003	 	acG-acA	-0.79792	acA-acG	-0.22243	False
acG-acC	3.2813	0.8827600052708326	2	29.6	acC-acG	-0.35273	0.9592557239974399	3	88.39999999999999	 	acG-acC	3.2813	acC-acG	-0.35273	False
acG-acT	-1.629	1.0894466062244168	2	47.19999999999999	acT-acG	-2.0736	1.1598762570755936	2	45.10000000000001	 	acG-acT	-1.629	acT-acG	-2.0736	False
acT-acA	1000	0.7479163682105304	2	24.900000000000002	acA-acT	0.11091	0.9328763691972323	2	35.00000000000001	 	acT-acA	1000	acA-acT	0.11091	False
acT-acC	-0.58802	0.962238804216186	4	114.4	acC-acT	-0.33516	0.9839666374038061	9	471.2	 	acT-acC	-0.58802	acC-acT	-0.33516	False
acT-acG	-2.0736	1.1598762570755936	2	45.10000000000001	acG-acT	-1.629	1.0894466062244168	2	47.19999999999999	 	acT-acG	-2.0736	acG-acT	-1.629	False
agA-agG	0.022471	0.9537035082128467	3	73.39999999999999	agG-agA	-1.0649	0.9409442629270444	4	137.0	 	agA-agG	0.022471	agG-agA	-1.0649	False
agC-agT	-0.69166	0.9899161360871727	9	462.5	agT-agC	0.18251	0.851793380761536	4	103.2	 	agC-agT	-0.69166	agT-agC	0.18251	False
agG-agA	-1.0649	0.9409442629270444	4	137.0	agA-agG	0.022471	0.9537035082128467	3	73.39999999999999	 	agG-agA	-1.0649	agA-agG	0.022471	False
agT-agC	0.18251	0.851793380761536	4	103.2	agC-agT	-0.69166	0.9899161360871727	9	462.5	 	agT-agC	0.18251	agC-agT	-0.69166	False
atA-atC	-1.2666	0.9054954493761189	1	13.2	atC-atA	-0.94586	0.9376139342309922	3	93.9	 	atA-atC	-1.2666	atC-atA	-0.94586	False
atA-atT	-1000	1.9778442357232648	1	13.9	atT-atA	0.054016	0.8492219757569333	2	29.900000000000006	 	atA-atT	-1000	atT-atA	0.054016	False
atC-atA	-0.94586	0.9376139342309922	3	93.9	atA-atC	-1.2666	0.9054954493761189	1	13.2	 	atC-atA	-0.94586	atA-atC	-1.2666	False
atC-atT	-0.7613	1.0011943685728824	9	425.20000000000005	atT-atC	-0.73525	0.9200841175995252	3	82.8	 	atC-atT	-0.7613	atT-atC	-0.73525	False
atT-atA	0.054016	0.8492219757569333	2	29.900000000000006	atA-atT	-1000	1.9778442357232648	1	13.9	 	atT-atA	0.054016	atA-atT	-1000	False
atT-atC	-0.73525	0.9200841175995252	3	82.8	atC-atT	-0.7613	1.0011943685728824	9	425.20000000000005	 	atT-atC	-0.73525	atC-atT	-0.7613	False
caA-caG	0.83112	0.9800869251477263	7	238.0	caG-caA	0.16359	0.959626236884467	7	249.1	 	caA-caG	0.83112	caG-caA	0.16359	False
caC-caT	-1.0453	0.8112763234256116	10	461.6999999999999	caT-caC	1.318	0.9704404516740548	5	147.0	 	caC-caT	-1.0453	caT-caC	1.318	True
caG-caA	0.16359	0.959626236884467	7	249.1	caA-caG	0.83112	0.9800869251477263	7	238.0	 	caG-caA	0.16359	caA-caG	0.83112	False
caT-caC	1.318	0.9704404516740548	5	147.0	caC-caT	-1.0453	0.8112763234256116	10	461.6999999999999	 	caT-caC	1.318	caC-caT	-1.0453	True
ccA-ccC	-0.028163	0.7875943899791473	2	40.0	ccC-ccA	1000	0.9751874964003855	2	51.6	 	ccA-ccC	-0.028163	ccC-ccA	1000	False
ccA-ccG	0.84427	0.8879881057508302	5	210.39999999999998	ccG-ccA	-0.05986	1.0036393189113386	11	713.3000000000001	 	ccA-ccG	0.84427	ccG-ccA	-0.05986	False
ccA-ccT	1000	0.8837628061496537	2	32.4	ccT-ccA	2.1465	0.8661768858984639	2	26.899999999999995	 	ccA-ccT	1000	ccT-ccA	2.1465	False
ccC-ccA	1000	0.9751874964003855	2	51.6	ccA-ccC	-0.028163	0.7875943899791473	2	40.0	 	ccC-ccA	1000	ccA-ccC	-0.028163	False
ccC-ccG	-0.26011	0.9722185654327455	4	117.1	ccG-ccC	0.11469	1.0159057564475769	2	31.1	 	ccC-ccG	-0.26011	ccG-ccC	0.11469	True
ccC-ccT	-0.48666	1.0200198639411007	10	520.5	ccT-ccC	-0.45744	0.8178954055916735	3	100.80000000000001	 	ccC-ccT	-0.48666	ccT-ccC	-0.45744	False
ccG-ccA	-0.05986	1.0036393189113386	11	713.3000000000001	ccA-ccG	0.84427	0.8879881057508302	5	210.39999999999998	 	ccG-ccA	-0.05986	ccA-ccG	0.84427	False
ccG-ccC	0.11469	1.0159057564475769	2	31.1	ccC-ccG	-0.26011	0.9722185654327455	4	117.1	 	ccG-ccC	0.11469	ccC-ccG	-0.26011	True
ccG-ccT	1.8716	0.9044000664868078	2	46.69999999999998	ccT-ccG	-1.7082	1.0970669925832155	2	36.1	 	ccG-ccT	1.8716	ccT-ccG	-1.7082	True
ccT-ccA	2.1465	0.8661768858984639	2	26.899999999999995	ccA-ccT	1000	0.8837628061496537	2	32.4	 	ccT-ccA	2.1465	ccA-ccT	1000	False
ccT-ccC	-0.45744	0.8178954055916735	3	100.80000000000001	ccC-ccT	-0.48666	1.0200198639411007	10	520.5	 	ccT-ccC	-0.45744	ccC-ccT	-0.48666	False
ccT-ccG	-1.7082	1.0970669925832155	2	36.1	ccG-ccT	1.8716	0.9044000664868078	2	46.69999999999998	 	ccT-ccG	-1.7082	ccG-ccT	1.8716	True
cgA-cgC	-0.15202	1.1300855977573414	1	19.099999999999998	cgC-cgA	3.1097	0.8389554015202018	1	21.599999999999998	 	cgA-cgC	-0.15202	cgC-cgA	3.1097	False
cgA-cgG	0.32503	0.9251999602930033	2	25.800000000000004	cgG-cgA	-0.019565	0.9648783725548989	3	103.2	 	cgA-cgG	0.32503	cgG-cgA	-0.019565	False
cgA-cgT	-2.7445	1.2487935122379095	1	11.199999999999998	cgT-cgA	-1000	1.966145610087318	1	9.399999999999997	 	cgA-cgT	-2.7445	cgT-cgA	-1000	False
cgC-cgA	3.1097	0.8389554015202018	1	21.599999999999998	cgA-cgC	-0.15202	1.1300855977573414	1	19.099999999999998	 	cgC-cgA	3.1097	cgA-cgC	-0.15202	False
cgC-cgG	-1000	1.9884929249457337	1	23.400000000000002	cgG-cgC	-0.1601	0.8876909785216018	2	37.6	 	cgC-cgG	-1000	cgG-cgC	-0.1601	False
cgC-cgT	-0.19938	0.9731312067406687	5	195.70000000000005	cgT-cgC	0.15813	0.9238023822256433	2	30.6	 	cgC-cgT	-0.19938	cgT-cgC	0.15813	True
cgG-cgA	-0.019565	0.9648783725548989	3	103.2	cgA-cgG	0.32503	0.9251999602930033	2	25.800000000000004	 	cgG-cgA	-0.019565	cgA-cgG	0.32503	False
cgG-cgC	-0.1601	0.8876909785216018	2	37.6	cgC-cgG	-1000	1.9884929249457337	1	23.400000000000002	 	cgG-cgC	-0.1601	cgC-cgG	-1000	False
cgG-cgT	-1000	1.9873473563217539	2	37.599999999999994	cgT-cgG	-3.7726	1.2158975242970953	1	6.7	 	cgG-cgT	-1000	cgT-cgG	-3.7726	False
cgT-cgA	-1000	1.966145610087318	1	9.399999999999997	cgA-cgT	-2.7445	1.2487935122379095	1	11.199999999999998	 	cgT-cgA	-1000	cgA-cgT	-2.7445	False
cgT-cgC	0.15813	0.9238023822256433	2	30.6	cgC-cgT	-0.19938	0.9731312067406687	5	195.70000000000005	 	cgT-cgC	0.15813	cgC-cgT	-0.19938	True
cgT-cgG	-3.7726	1.2158975242970953	1	6.7	cgG-cgT	-1000	1.9873473563217539	2	37.599999999999994	 	cgT-cgG	-3.7726	cgG-cgT	-1000	False
ctA-ctC	-0.83751	1.1027834801655745	1	24.6	ctC-ctA	1000	1.0966430252191257	2	36.89999999999999	 	ctA-ctC	-0.83751	ctC-ctA	1000	False
ctA-ctG	0.2325	0.9722993983602413	4	121.60000000000001	ctG-ctA	-1.1751	0.9672169403812789	8	329.1	 	ctA-ctG	0.2325	ctG-ctA	-1.1751	False
ctA-ctT	-1000	1.9856288582266923	1	13.700000000000003	ctT-ctA	-1000	1.9880243808231814	1	18.9	 	ctA-ctT	-1000	ctT-ctA	-1000	False
ctC-ctA	1000	1.0966430252191257	2	36.89999999999999	ctA-ctC	-0.83751	1.1027834801655745	1	24.6	 	ctC-ctA	1000	ctA-ctC	-0.83751	False
ctC-ctG	-0.56725	0.8828621086865924	3	95.0	ctG-ctC	0.30298	0.9801912438880606	4	116.7	 	ctC-ctG	-0.56725	ctG-ctC	0.30298	True
ctC-ctT	0.0068733	0.995678187011014	8	380.1000000000001	ctT-ctC	-1.3856	1.0250666050894508	3	78.7	 	ctC-ctT	0.0068733	ctT-ctC	-1.3856	False
ctG-ctA	-1.1751	0.9672169403812789	8	329.1	ctA-ctG	0.2325	0.9722993983602413	4	121.60000000000001	 	ctG-ctA	-1.1751	ctA-ctG	0.2325	False
ctG-ctC	0.30298	0.9801912438880606	4	116.7	ctC-ctG	-0.56725	0.8828621086865924	3	95.0	 	ctG-ctC	0.30298	ctC-ctG	-0.56725	True
ctG-ctT	-0.25776	0.963431617456199	3	89.30000000000001	ctT-ctG	-1.0201	1.0181777350208396	2	42.50000000000001	 	ctG-ctT	-0.25776	ctT-ctG	-1.0201	False
ctT-ctA	-1000	1.9880243808231814	1	18.9	ctA-ctT	-1000	1.9856288582266923	1	13.700000000000003	 	ctT-ctA	-1000	ctA-ctT	-1000	False
ctT-ctC	-1.3856	1.0250666050894508	3	78.7	ctC-ctT	0.0068733	0.995678187011014	8	380.1000000000001	 	ctT-ctC	-1.3856	ctC-ctT	0.0068733	False
ctT-ctG	-1.0201	1.0181777350208396	2	42.50000000000001	ctG-ctT	-0.25776	0.963431617456199	3	89.30000000000001	 	ctT-ctG	-1.0201	ctG-ctT	-0.25776	False
gaA-gaG	-0.27974	0.9899586959946347	7	207.79999999999998	gaG-gaA	-0.33154	0.8913133576699774	9	440.8	 	gaA-gaG	-0.27974	gaG-gaA	-0.33154	False
gaC-gaT	-0.7376	0.998145160657564	12	726.6	gaT-gaC	0.35096	0.9865790546685044	6	209.00000000000003	 	gaC-gaT	-0.7376	gaT-gaC	0.35096	False
gaG-gaA	-0.33154	0.8913133576699774	9	440.8	gaA-gaG	-0.27974	0.9899586959946347	7	207.79999999999998	 	gaG-gaA	-0.33154	gaA-gaG	-0.27974	False
gaT-gaC	0.35096	0.9865790546685044	6	209.00000000000003	gaC-gaT	-0.7376	0.998145160657564	12	726.6	 	gaT-gaC	0.35096	gaC-gaT	-0.7376	False
gcA-gcC	-0.54696	0.9505867571962493	2	53.09999999999999	gcC-gcA	0.3387	0.8886902203169519	3	60.300000000000004	 	gcA-gcC	-0.54696	gcC-gcA	0.3387	True
gcA-gcG	-0.19085	1.010332882633414	5	183.20000000000005	gcG-gcA	0.4457	1.0171318655533907	10	634.3000000000001	 	gcA-gcG	-0.19085	gcG-gcA	0.4457	True
gcA-gcT	-0.73054	0.9480583107297628	2	23.400000000000006	gcT-gcA	1.5268	0.9046816688569058	1	17.200000000000003	 	gcA-gcT	-0.73054	gcT-gcA	1.5268	False
gcC-gcA	0.3387	0.8886902203169519	3	60.300000000000004	gcA-gcC	-0.54696	0.9505867571962493	2	53.09999999999999	 	gcC-gcA	0.3387	gcA-gcC	-0.54696	True
gcC-gcG	0.012403	0.9865271851021785	3	95.30000000000001	gcG-gcC	-1.1843	0.8650527696262758	2	35.6	 	gcC-gcG	0.012403	gcG-gcC	-1.1843	False
gcC-gcT	-0.78022	0.980851160483709	11	630.9000000000001	gcT-gcC	-0.35769	0.9587771967366644	4	133.59999999999997	 	gcC-gcT	-0.78022	gcT-gcC	-0.35769	False
gcG-gcA	0.4457	1.0171318655533907	10	634.3000000000001	gcA-gcG	-0.19085	1.010332882633414	5	183.20000000000005	 	gcG-gcA	0.4457	gcA-gcG	-0.19085	True
gcG-gcC	-1.1843	0.8650527696262758	2	35.6	gcC-gcG	0.012403	0.9865271851021785	3	95.30000000000001	 	gcG-gcC	-1.1843	gcC-gcG	0.012403	False
gcG-gcT	-0.56223	0.8925702386555415	2	35.4	gcT-gcG	-0.63922	0.8687750128373571	2	29.500000000000004	 	gcG-gcT	-0.56223	gcT-gcG	-0.63922	False
gcT-gcA	1.5268	0.9046816688569058	1	17.200000000000003	gcA-gcT	-0.73054	0.9480583107297628	2	23.400000000000006	 	gcT-gcA	1.5268	gcA-gcT	-0.73054	False
gcT-gcC	-0.35769	0.9587771967366644	4	133.59999999999997	gcC-gcT	-0.78022	0.980851160483709	11	630.9000000000001	 	gcT-gcC	-0.35769	gcC-gcT	-0.78022	False
gcT-gcG	-0.63922	0.8687750128373571	2	29.500000000000004	gcG-gcT	-0.56223	0.8925702386555415	2	35.4	 	gcT-gcG	-0.63922	gcG-gcT	-0.56223	False
ggA-ggC	1.3798	0.9098117945895227	2	32.0	ggC-ggA	-0.21772	0.9310107761306079	2	60.800000000000004	 	ggA-ggC	1.3798	ggC-ggA	-0.21772	False
ggA-ggG	3.3634	0.6642883685337105	4	95.00000000000001	ggG-ggA	-1.3618	0.7010031679751246	6	197.8	 	ggA-ggG	3.3634	ggG-ggA	-1.3618	False
ggA-ggT	2.0765	0.8109357621139273	2	33.099999999999994	ggT-ggA	-1000	1.9820957362299745	1	16.5	 	ggA-ggT	2.0765	ggT-ggA	-1000	False
ggC-ggA	-0.21772	0.9310107761306079	2	60.800000000000004	ggA-ggC	1.3798	0.9098117945895227	2	32.0	 	ggC-ggA	-0.21772	ggA-ggC	1.3798	False
ggC-ggG	-1.0086	1.0397125348868115	2	54.8	ggG-ggC	961.93	0.9012462019369796	2	42.199999999999996	 	ggC-ggG	-1.0086	ggG-ggC	961.93	False
ggC-ggT	-0.73843	0.8898432648263349	9	467.19999999999993	ggT-ggC	0.012817	0.9657371233849147	3	70.99999999999999	 	ggC-ggT	-0.73843	ggT-ggC	0.012817	False
ggG-ggA	-1.3618	0.7010031679751246	6	197.8	ggA-ggG	3.3634	0.6642883685337105	4	95.00000000000001	 	ggG-ggA	-1.3618	ggA-ggG	3.3634	False
ggG-ggC	961.93	0.9012462019369796	2	42.199999999999996	ggC-ggG	-1.0086	1.0397125348868115	2	54.8	 	ggG-ggC	961.93	ggC-ggG	-1.0086	False
ggG-ggT	0.73093	0.9621897083442281	3	76.69999999999999	ggT-ggG	1.7265	0.9052316461752897	1	13.100000000000001	 	ggG-ggT	0.73093	ggT-ggG	1.7265	False
ggT-ggA	-1000	1.9820957362299745	1	16.5	ggA-ggT	2.0765	0.8109357621139273	2	33.099999999999994	 	ggT-ggA	-1000	ggA-ggT	2.0765	False
ggT-ggC	0.012817	0.9657371233849147	3	70.99999999999999	ggC-ggT	-0.73843	0.8898432648263349	9	467.19999999999993	 	ggT-ggC	0.012817	ggC-ggT	-0.73843	False
ggT-ggG	1.7265	0.9052316461752897	1	13.100000000000001	ggG-ggT	0.73093	0.9621897083442281	3	76.69999999999999	 	ggT-ggG	1.7265	ggG-ggT	0.73093	False
gtA-gtC	-1000	1.9836211247093722	1	15.000000000000002	gtC-gtA	-3.0131	1.230348100337358	2	30.600000000000005	 	gtA-gtC	-1000	gtC-gtA	-3.0131	False
gtA-gtG	-1.1317	0.29843318847738254	3	75.9	gtG-gtA	-0.073729	0.9910431213201356	7	263.8	 	gtA-gtG	-1.1317	gtG-gtA	-0.073729	False
gtA-gtT	0.44464	0.985786416974567	1	18.900000000000006	gtT-gtA	-5.7068	1.390952105705491	1	12.2	 	gtA-gtT	0.44464	gtT-gtA	-5.7068	False
gtC-gtA	-3.0131	1.230348100337358	2	30.600000000000005	gtA-gtC	-1000	1.9836211247093722	1	15.000000000000002	 	gtC-gtA	-3.0131	gtA-gtC	-1000	False
gtC-gtG	1000	0.8948985787335599	2	53.599999999999994	gtG-gtC	0.043788	0.935620132516206	2	54.70000000000001	 	gtC-gtG	1000	gtG-gtC	0.043788	False
gtC-gtT	-0.37123	1.0176990075866434	6	219.49999999999997	gtT-gtC	1	0.8146380566612571	2	42.5	 	gtC-gtT	-0.37123	gtT-gtC	1	False
gtG-gtA	-0.073729	0.9910431213201356	7	263.8	gtA-gtG	-1.1317	0.29843318847738254	3	75.9	 	gtG-gtA	-0.073729	gtA-gtG	-1.1317	False
gtG-gtC	0.043788	0.935620132516206	2	54.70000000000001	gtC-gtG	1000	0.8948985787335599	2	53.599999999999994	 	gtG-gtC	0.043788	gtC-gtG	1000	False
gtG-gtT	0.88585	0.8440282048630436	3	65.2	gtT-gtG	-1.4676	0.6892465052227322	1	16.2	 	gtG-gtT	0.88585	gtT-gtG	-1.4676	False
gtT-gtA	-5.7068	1.390952105705491	1	12.2	gtA-gtT	0.44464	0.985786416974567	1	18.900000000000006	 	gtT-gtA	-5.7068	gtA-gtT	0.44464	False
gtT-gtC	1	0.8146380566612571	2	42.5	gtC-gtT	-0.37123	1.0176990075866434	6	219.49999999999997	 	gtT-gtC	1	gtC-gtT	-0.37123	False
gtT-gtG	-1.4676	0.6892465052227322	1	16.2	gtG-gtT	0.88585	0.8440282048630436	3	65.2	 	gtT-gtG	-1.4676	gtG-gtT	0.88585	False
taC-taT	-0.77679	0.9882917621051807	11	487.4	taT-taC	0.84501	0.499894867775397	5	207.4	 	taC-taT	-0.77679	taT-taC	0.84501	True
taT-taC	0.84501	0.499894867775397	5	207.4	taC-taT	-0.77679	0.9882917621051807	11	487.4	 	taT-taC	0.84501	taC-taT	-0.77679	True
tcA-tcC	-0.31381	0.8188710243302371	2	31.5	tcC-tcA	-1.0452	0.8669163251226514	2	31.800000000000004	 	tcA-tcC	-0.31381	tcC-tcA	-1.0452	False
tcA-tcG	-0.10667	0.9366508004740144	4	125.60000000000001	tcG-tcA	0.21572	0.9458828374526751	8	436.6000000000001	 	tcA-tcG	-0.10667	tcG-tcA	0.21572	True
tcA-tcT	-1.5071	1.01688590259417	2	30.8	tcT-tcA	1000	0.9066916356484697	1	19.200000000000003	 	tcA-tcT	-1.5071	tcT-tcA	1000	False
tcC-tcA	-1.0452	0.8669163251226514	2	31.800000000000004	tcA-tcC	-0.31381	0.8188710243302371	2	31.5	 	tcC-tcA	-1.0452	tcA-tcC	-0.31381	False
tcC-tcG	-0.74029	1.0188080085224125	2	45.70000000000001	tcG-tcC	1.7387	0.8744361331369302	2	34.699999999999996	 	tcC-tcG	-0.74029	tcG-tcC	1.7387	False
tcC-tcT	-0.3438	0.9907789198972032	9	435.4	tcT-tcC	0.7355	0.9998501559735841	3	96.69999999999997	 	tcC-tcT	-0.3438	tcT-tcC	0.7355	False
tcG-tcA	0.21572	0.9458828374526751	8	436.6000000000001	tcA-tcG	-0.10667	0.9366508004740144	4	125.60000000000001	 	tcG-tcA	0.21572	tcA-tcG	-0.10667	True
tcG-tcC	1.7387	0.8744361331369302	2	34.699999999999996	tcC-tcG	-0.74029	1.0188080085224125	2	45.70000000000001	 	tcG-tcC	1.7387	tcC-tcG	-0.74029	False
tcG-tcT	2.122	0.8169855578470925	2	26.899999999999995	tcT-tcG	2.42	0.9588939871270823	2	33.300000000000004	 	tcG-tcT	2.122	tcT-tcG	2.42	False
tcT-tcA	1000	0.9066916356484697	1	19.200000000000003	tcA-tcT	-1.5071	1.01688590259417	2	30.8	 	tcT-tcA	1000	tcA-tcT	-1.5071	False
tcT-tcC	0.7355	0.9998501559735841	3	96.69999999999997	tcC-tcT	-0.3438	0.9907789198972032	9	435.4	 	tcT-tcC	0.7355	tcC-tcT	-0.3438	False
tcT-tcG	2.42	0.9588939871270823	2	33.300000000000004	tcG-tcT	2.122	0.8169855578470925	2	26.899999999999995	 	tcT-tcG	2.42	tcG-tcT	2.122	False
tgC-tgT	-0.4647	0.8405951900116518	7	272.09999999999997	tgT-tgC	-0.41817	0.8587465244007868	3	65.30000000000001	 	tgC-tgT	-0.4647	tgT-tgC	-0.41817	False
tgT-tgC	-0.41817	0.8587465244007868	3	65.30000000000001	tgC-tgT	-0.4647	0.8405951900116518	7	272.09999999999997	 	tgT-tgC	-0.41817	tgC-tgT	-0.4647	False
ttA-ttG	-0.035229	0.9288291142398168	2	65.89999999999999	ttG-ttA	-0.47138	0.9402548617340939	4	108.8	 	ttA-ttG	-0.035229	ttG-ttA	-0.47138	False
ttC-ttT	-0.48557	0.9887636784593709	9	382.30000000000007	ttT-ttC	-0.39386	0.9441437485246947	4	137.60000000000005	 	ttC-ttT	-0.48557	ttT-ttC	-0.39386	False
ttG-ttA	-0.47138	0.9402548617340939	4	108.8	ttA-ttG	-0.035229	0.9288291142398168	2	65.89999999999999	 	ttG-ttA	-0.47138	ttA-ttG	-0.035229	False
ttT-ttC	-0.39386	0.9441437485246947	4	137.60000000000005	ttC-ttT	-0.48557	0.9887636784593709	9	382.30000000000007	 	ttT-ttC	-0.39386	ttC-ttT	-0.48557	False
