Codon Pair	Size of Syn	Size of Int	AUC of Syn	AUC of Int	Difference
ctT/ctG	9.4	19.700000000000003	10.28191489361702	10.4746192893401	-0.1927043957230783
ctG/ctT	45.4	49.899999999999984	10.741189427312777	10.765531062124252	-0.024341634811474222
gtT/gtG	15.200000000000001	18.4	10.476973684210526	10.970108695652176	-0.49313501144164995
gtG/gtT	29.699999999999996	39.4	10.974747474747474	10.60532994923858	0.3694175255088936
ggT/ggG	7.1	11.499999999999998	11.387323943661974	11.473913043478262	-0.0865890998162886
ggG/ggT	35.89999999999999	30.90000000000001	9.94707520891365	11.548543689320386	-1.6014684804067354
Aga/Cga	5.799999999999999	13.500000000000004	12.112068965517242	10.437037037037037	1.6750319284802053
Cga/Aga	18.499999999999996	30.400000000000002	10.65675675675676	9.840460526315791	0.8162962304409689
Agg/Cgg	6.8999999999999995	14.800000000000002	11.471014492753623	10.56081081081081	0.9102036819428125
Cgg/Agg	31.700000000000006	44.70000000000001	10.798107255520502	10.939597315436242	-0.14149005991573915
ccT/ccG	16.7	20.6	10.877245508982035	11.133495145631068	-0.25624963664903255
ccG/ccT	25.999999999999996	28.3	10.550000000000002	10.459363957597173	0.09063604240282963
tcT/tcG	17.8	17.8	10.76123595505618	10.935393258426966	-0.17415730337078728
tcG/tcT	14.499999999999996	17.700000000000003	10.07586206896552	10.757062146892654	-0.6812000779271337
acT/acG	16.599999999999998	30.400000000000006	11.114457831325302	10.424342105263158	0.6901157260621442
acG/acT	24.699999999999996	36.099999999999994	10.574898785425102	10.368421052631579	0.20647773279352322
gcT/gcG	21.199999999999996	21.6	9.811320754716983	9.141203703703704	0.6701170510132783
gcG/gcT	16.499999999999996	22.9	10.115151515151517	9.670305676855895	0.4448458382956222
acA/acC	22.5	23.699999999999996	10.335555555555556	9.833333333333334	0.5022222222222226
acC/acA	32.099999999999994	46.49999999999999	11.267912772585671	10.105376344086022	1.1625364284996493
ccA/ccC	21.800000000000004	24.099999999999998	10.871559633027521	9.937759336099585	0.9338002969279362
ccC/ccA	31.6	40.79999999999999	11.194620253164558	10.462009803921568	0.7326104492429906
tcA/tcC	11.400000000000002	20.800000000000004	10.526315789473683	10.548076923076922	-0.021761133603238392
tcC/tcA	11.500000000000002	17.7	10.552173913043479	10.502824858757062	0.04934905428641656
gcA/gcC	29.9	35.199999999999996	10.508361204013378	9.323863636363638	1.1844975676497391
gcC/gcA	27.599999999999994	32.4	10.244565217391306	10.282407407407407	-0.03784219001610012
cgT/cgG	1.8	2.6	10.472222222222221	11.442307692307693	-0.970085470085472
cgG/cgT	10.6	21.000000000000004	11.561320754716983	9.88095238095238	1.680368373764603
ggA/ggC	13.700000000000003	11.4	9.565693430656934	11.539473684210527	-1.9737802535535938
ggC/ggA	39.00000000000001	31.799999999999997	10.082051282051282	9.916666666666666	0.16538461538461569
cgA/cgC	8.6	6.6000000000000005	9.982558139534884	9.636363636363637	0.34619450317124745
cgC/cgA	9.3	15.5	8.446236559139784	8.835483870967742	-0.38924731182795824
gtA/gtC	8.7	9.5	11.75287356321839	10.010526315789475	1.7423472474289152
gtC/gtA	12.299999999999999	21.000000000000004	11.8739837398374	9.235714285714284	2.6382694541231153
ctA/ctC	13.499999999999998	11.299999999999999	10.68888888888889	10.38053097345133	0.3083579154375595
ctC/ctA	20.000000000000007	20.3	9.334999999999999	9.899014778325123	-0.5640147783251237
atA/atC	8.200000000000001	8.1	10.865853658536585	10.475308641975309	0.39054501656127627
atC/atA	40.599999999999994	48.00000000000001	10.88423645320197	10.218750000000002	0.665486453201968
aaA/aaG	77.20000000000002	112.4	11.055051813471502	10.259786476868326	0.7952653366031761
aaG/aaA	161.39999999999998	172.9	10.939900867410163	10.805957200694042	0.1339436667161209
caA/caG	134.0	142.00000000000003	10.194776119402986	10.639436619718309	-0.44466050031532234
caG/caA	144.79999999999998	148.5	10.683356353591162	10.554545454545456	0.12881089904570509
gaA/gaG	87.2	122.19999999999997	10.9151376146789	10.150163666121115	0.7649739485577847
gaG/gaA	208.3	231.20000000000002	10.60417666826692	10.52400519031142	0.08017147795549917
Ttg/Ctg	88.3	104.39999999999998	10.217440543601358	10.503831417624523	-0.28639087402316576
Ctg/Ttg	142.60000000000005	197.60000000000002	10.85063113604488	10.646761133603238	0.20387000244164177
atT/atC	43.7	52.99999999999999	10.5045766590389	10.049999999999999	0.4545766590389011
atC/atT	196.1	279.90000000000003	10.873278939316675	10.243837084673096	0.6294418546435789
ctT/ctC	28.59999999999999	39.800000000000004	10.625874125874128	10.641959798994973	-0.016085673120844746
ctC/ctT	176.19999999999996	235.9	10.830874006810442	10.297159813480288	0.5337141933301535
ttT/ttC	59.099999999999994	62.699999999999996	10.60321489001692	10.883572567783094	-0.28035767776617426
ttC/ttT	170.2	218.89999999999998	11.019095182138662	10.63544997715852	0.3836452049801409
gtT/gtC	28.4	29.700000000000003	9.450704225352112	9.959595959595958	-0.5088917342438464
gtC/gtT	98.29999999999998	145.4	10.886063072227874	10.36898211829436	0.5170809539335135
agT/agC	48.199999999999996	60.7	10.137966804979257	9.588962108731465	0.5490046962477919
agC/agT	198.60000000000002	278.5	10.809667673716012	10.49443447037702	0.31523320333899285
cgT/cgC	13.200000000000001	17.099999999999994	11.083333333333336	9.289473684210527	1.7938596491228083
cgC/cgT	89.99999999999999	114.2	10.494444444444447	10.43476357267951	0.05968087176493775
tgT/tgC	36.199999999999996	35.89999999999999	10.754143646408842	10.158774373259055	0.595369273149787
tgC/tgT	133.89999999999998	180.50000000000003	10.950709484690066	10.487534626038782	0.4631748586512838
Tta/Cta	13.6	23.4	10.742647058823529	10.92094017094017	-0.17829311211664134
Cta/Tta	29.799999999999997	39.49999999999999	10.8506711409396	11.097468354430383	-0.2467972134907832
ggT/ggC	38.3	23.999999999999996	10.237597911227155	10.085416666666667	0.15218124456048798
ggC/ggT	194.6	271.90000000000003	10.709917780061664	10.549098933431408	0.16081884663025647
tcT/tcC	47.099999999999994	62.7	10.328025477707007	10.078947368421051	0.2490781092859553
tcC/tcT	189.29999999999998	261.59999999999997	10.865293185419969	10.565366972477065	0.29992621294290345
ccT/ccC	54.900000000000006	69.69999999999999	10.129326047358834	10.482065997130558	-0.35273994977172407
ccC/ccT	240.39999999999998	293.9	10.93136439267887	10.415447431099013	0.5159169615798564
gcT/gcC	55.5	67.3	10.168468468468468	10.37667161961367	-0.20820315114520227
gcC/gcT	298.6	400.30000000000007	10.83774279973208	10.577067199600297	0.26067560013178337
acT/acC	44.00000000000001	54.2	10.184090909090909	10.596863468634686	-0.412772559543777
acC/acT	223.39999999999998	287.4	10.66965085049239	10.511308281141266	0.15834256935112379
gaT/gaC	105.30000000000003	116.00000000000001	10.809591642924975	10.579741379310345	0.22985026361462957
gaC/gaT	332.2	426.4000000000001	10.91149909692956	10.531308630393996	0.38019046653556465
taT/taC	114.8	121.6	10.301393728222997	9.956003289473685	0.3453904387493125
taC/taT	215.9	296.7000000000001	10.708661417322833	10.345129760701044	0.3635316566217899
caT/caC	78.4	101.49999999999999	10.147321428571429	9.827093596059113	0.320227832512316
caC/caT	223.49999999999997	287.4	10.962416107382548	10.489213639526792	0.4732024678557565
aaT/aaC	100.8	114.00000000000001	10.50545634920635	9.960964912280701	0.5444914369256484
aaC/aaT	255.10000000000002	339.5	10.708545668365346	10.363622974963182	0.3449226934021645
ccA/ccG	110.19999999999999	124.39999999999999	10.177858439201453	10.152733118971062	0.025125320230390713
ccG/ccA	342.50000000000006	424.59999999999997	10.80948905109489	10.619642016015074	0.18984703507981493
acA/acG	111.9	127.5	10.171581769436997	10.554901960784314	-0.3833201913473161
acG/acA	280.69999999999993	414.1	10.87691485571785	10.523424293648876	0.35349056206897345
gcA/gcG	90.8	106.7	10.694383259911895	10.342549203373947	0.35183405653794786
gcG/gcA	300.2	394.1	10.490006662225182	10.391905607713777	0.09810105451140494
tcA/tcG	53.50000000000001	71.5	10.15700934579439	10.106993006993008	0.05001633880138279
tcG/tcA	208.89999999999998	286.29999999999995	10.606031594064145	10.334788683199442	0.27124291086470365
ggA/ggG	35.900000000000006	48.099999999999994	9.768802228412254	10.872141372141375	-1.1033391437291211
ggG/ggA	95.89999999999999	119.0	11.229927007299272	10.907563025210086	0.32236398208918615
agA/agG	34.2	52.900000000000006	10.505847953216373	10.581285444234402	-0.07543749101802888
agG/agA	80.70000000000002	95.39999999999999	11.224907063197023	10.91037735849057	0.3145297047064535
cgA/cgG	17.6	20.999999999999996	9.122159090909092	10.454761904761906	-1.332602813852814
cgG/cgA	45.40000000000001	49.599999999999994	10.557268722466958	10.862903225806452	-0.30563450333949405
ttA/ttG	36.199999999999996	34.9	10.226519337016576	9.968481375358165	0.2580379616584114
ttG/ttA	45.30000000000001	55.3	10.846578366445913	10.335443037974683	0.5111353284712301
ctA/ctG	73.1	78.30000000000001	10.832421340629276	10.295019157088124	0.5374021835411522
ctG/ctA	162.99999999999997	193.6	11.02116564417178	10.471849173553718	0.5493164706180629
gtA/gtG	44.9	47.7	10.768374164810691	10.723270440251573	0.04510372455911771
gtG/gtA	120.89999999999998	166.8	10.440860215053766	10.292266187050359	0.14859402800340682
atT/atA	11.400000000000004	18.4	10.399122807017541	10.902173913043477	-0.5030511060259357
atA/atT	4.5	10.0	11.833333333333334	9.189999999999998	2.643333333333336
ccT/ccA	12.7	11.7	9.814960629921261	10.978632478632479	-1.1636718487112176
ccA/ccT	16.7	16.8	10.628742514970059	11.166666666666666	-0.5379241516966076
tcT/tcA	8.000000000000002	10.5	8.79375	10.647619047619049	-1.8538690476190496
tcA/tcT	12.199999999999998	19.5	10.909836065573773	10.953846153846154	-0.04401008827238151
ctT/ctA	3.100000000000001	13.300000000000004	11.048387096774192	10.067669172932328	0.9807179238418637
ctA/ctT	2.9	4.799999999999999	11.913793103448276	9.104166666666666	2.8096264367816097
acA/acT	14.199999999999998	18.800000000000004	10.753521126760566	11.079787234042552	-0.32626610728198635
acT/acA	10.4	11.299999999999999	10.490384615384617	10.4070796460177	0.08330496936691745
gtT/gtA	3.3	9.0	12.166666666666666	10.38888888888889	1.7777777777777768
gtA/gtT	3.9	7.2	11.371794871794872	11.229166666666668	0.1426282051282044
gcA/gcT	11.400000000000002	12.3	9.539473684210524	11.06910569105691	-1.529632006846386
gcT/gcA	11.3	12.4	9.933628318584072	11.32258064516129	-1.3889523265772183
ggT/ggA	7.1	9.199999999999998	11.85211267605634	10.891304347826088	0.960808328230252
ggA/ggT	11.000000000000002	15.1	9.968181818181819	11.172185430463578	-1.2040036122817597
cgA/cgT	4.8	6.799999999999999	11.572916666666668	8.948529411764707	2.6243872549019613
cgT/cgA	5.799999999999999	4.000000000000001	10.189655172413794	9.625	0.5646551724137936
ctG/ctC	63.1	61.3	10.36608557844691	10.39477977161501	-0.028694193168099957
ctC/ctG	59.3	68.10000000000001	10.331365935919054	10.494860499265785	-0.16349456334673107
gtG/gtC	31.899999999999995	15.999999999999998	11.164576802507836	11.3125	-0.14792319749216354
gtC/gtG	27.099999999999998	25.100000000000005	10.869003690036898	10.802788844621514	0.06621484541538436
ggG/ggC	21.0	23.999999999999996	10.354761904761904	10.683333333333334	-0.3285714285714292
ggC/ggG	17.6	29.9	10.519886363636363	10.458193979933112	0.06169238370325125
gcG/gcC	10.699999999999996	22.0	11.02336448598131	10.702272727272726	0.3210917587085831
gcC/gcG	43.099999999999994	53.5	10.606728538283065	10.354205607476636	0.2525229308064283
acG/acC	20.000000000000004	33.3	11.895	10.391891891891893	1.5031081081081066
acC/acG	42.2	55.3	10.528436018957343	10.609403254972879	-0.08096723601553535
tcC/tcG	24.700000000000006	23.599999999999998	11.427125506072873	11.813559322033898	-0.3864338159610252
tcG/tcC	11.6	16.4	10.09051724137931	10.621951219512194	-0.5314339781328847
ccC/ccG	54.9	65.39999999999999	10.73224043715847	10.126146788990827	0.6060936481676436
ccG/ccC	15.399999999999999	15.099999999999998	9.977272727272728	11.033112582781458	-1.0558398555087294
cgC/cgG	4.499999999999999	11.200000000000001	11.144444444444446	9.870535714285714	1.2739087301587322
cgG/cgC	12.899999999999997	11.5	11.251937984496124	9.904347826086955	1.3475901584091687
Taa/Gaa	0.8999999999999999	0.7000000000000001	10.166666666666668	12.642857142857142	-2.4761904761904745
