codon	2Ns	abs<=5.0	clm_ratio	ratio_0.7-1.3
Aga-Cga	-1000	False	1.987975815484853	False
Agg-Cgg	-1000	False	1.9838838917535453	False
Cga-Aga	-0.89561	True	0.8554354763892499	True
Cgg-Agg	0.47978	True	0.8513551926404131	True
Cta-Tta	0.42168	True	0.9438724807507204	True
Ctg-Ttg	-0.19852	True	0.9879679030800089	True
Tta-Cta	-0.43861	True	1.0874293626173641	True
Ttg-Ctg	0.52858	True	0.9770175216186507	True
aaA-aaG	-1.058	True	0.9273801861417752	True
aaC-aaT	-0.50692	True	0.9921126602478487	True
aaG-aaA	-0.27302	True	0.9666985859196269	True
aaT-aaC	-0.71111	True	0.977169979777121	True
acA-acC	-0.43484	True	0.9198186233856471	True
acA-acG	0.91362	True	0.9559213590807543	True
acA-acT	0.68875	True	0.7972210274210154	False
acC-acA	-1.9808	True	1.084975319130714	True
acC-acG	0.159	True	0.97255823086944	True
acC-acT	-0.36657	True	1.0368496402301262	True
acG-acA	-0.36157	True	1.0050662907846768	True
acG-acC	-1000	False	1.9892519588387978	False
acG-acT	-0.73724	True	0.9630579390812826	True
acT-acA	0.12083	True	0.8776572880812548	True
acT-acC	0.92869	True	0.9426108398697444	True
acT-acG	-1.0936	True	1.0197062284754257	True
agA-agG	40.869	False	0.8292241098885837	False
agC-agT	-0.48807	True	0.9929428387431746	True
agG-agA	-0.65221	True	0.937666315016284	True
agT-agC	-0.72071	True	0.9587259703036343	True
atA-atC	-0.3003	True	0.9716195583186895	True
atA-atT	-1000	False	1.9930310520357937	False
atC-atA	-0.94462	True	0.8902082938340987	True
atC-atT	-0.80255	True	0.9965226994234314	True
atT-atA	988.87	False	0.6922163621069211	False
atT-atC	-0.48918	True	0.9364613108274492	True
caA-caG	0.88561	True	0.9720637162820147	True
caC-caT	-0.70516	True	0.9953768537450199	True
caG-caA	-0.21872	True	0.849187949927676	False
caT-caC	-0.33916	True	0.9853094811125166	True
ccA-ccC	-1.1213	True	0.9272719665970313	True
ccA-ccG	0.024463	True	0.9804656946288283	True
ccA-ccT	0.89702	True	0.8948174771917734	True
ccC-ccA	-1.0098	True	0.9871059424644029	True
ccC-ccG	-0.84099	True	0.9447240220712089	True
ccC-ccT	-0.77445	True	0.9862481276819715	True
ccG-ccA	-0.28942	True	0.9969574194229811	True
ccG-ccC	3.4676	True	0.9298459511332245	True
ccG-ccT	-0.10315	True	0.8923889845993155	True
ccT-ccA	1000	False	0.7705864230699075	False
ccT-ccC	0.55732	True	0.9696063815604817	True
ccT-ccG	1000	False	0.8528743184599533	True
cgA-cgC	-0.45136	True	0.8902186296391078	True
cgA-cgG	24.399	False	0.8358040781901488	False
cgA-cgT	-80.948	False	1.8821194215250736	False
cgC-cgA	0.41393	True	0.93883011794892	True
cgC-cgG	-103.43	False	1.8853606533458687	False
cgC-cgT	0.1647	True	0.9391763340881985	True
cgG-cgA	0.59549	True	0.9495137425054282	True
cgG-cgC	-2.3027	True	1.068163609067805	True
cgG-cgT	-3.6175	True	1.352839074708331	False
cgT-cgA	-263.33	False	1.9074963132447122	False
cgT-cgC	-2.5198	True	1.0809232093640926	True
cgT-cgG	376.55	False	0.3030370310055926	False
ctA-ctC	-0.17314	True	0.8047016395937712	False
ctA-ctG	-0.73894	True	0.9761064669620859	True
ctA-ctT	-1000	False	1.9870651187926434	False
ctC-ctA	1.0827	True	0.8926047371210328	True
ctC-ctG	0.070677	True	0.7670072682778228	False
ctC-ctT	-0.74269	True	0.9857742075233752	True
ctG-ctA	-0.84271	True	0.9003254337080183	True
ctG-ctC	0.27605	True	0.9661914277284811	True
ctG-ctT	0.068408	True	0.931116264480155	True
ctT-ctA	-41.129	False	1.7745700282854535	False
ctT-ctC	0.070142	True	0.8637199307432603	True
ctT-ctG	-0.4408	True	0.9465453279858931	True
gaA-gaG	-0.98297	True	0.9476217359531517	True
gaC-gaT	-0.58095	True	0.9910322040906212	True
gaG-gaA	-0.28386	True	0.9503548029055774	True
gaT-gaC	-0.30323	True	0.9792964278112333	True
gcA-gcC	-1.1607	True	0.7611031186642662	False
gcA-gcG	-0.36636	True	0.9765198572938997	True
gcA-gcT	6.5218	False	0.8565679995992566	True
gcC-gcA	-0.050457	True	0.9686590409725698	True
gcC-gcG	-0.25938	True	0.9657527649444128	True
gcC-gcT	-0.4028	True	0.9963169817757649	True
gcG-gcA	-0.14489	True	0.9721108853625102	True
gcG-gcC	-0.48417	True	0.8633731117888453	True
gcG-gcT	-0.50021	True	0.9575432993272015	True
gcT-gcA	1000	False	0.9414572266461749	True
gcT-gcC	0.33664	True	0.9644011456429439	True
gcT-gcG	-0.49525	True	0.9202370588230504	True
ggA-ggC	1000	False	1.0199280637952883	True
ggA-ggG	2.8436	True	0.9244477256380416	True
ggA-ggT	0.034884	True	0.917276697764417	True
ggC-ggA	-0.15653	True	0.9211948352040741	True
ggC-ggG	-0.14081	True	0.9071324289995589	True
ggC-ggT	-0.26868	True	0.9902600225920963	True
ggG-ggA	-0.65546	True	0.8800999993558234	True
ggG-ggC	0.1749	True	0.9052759376047017	True
ggG-ggT	1000	False	1.1346701966364716	True
ggT-ggA	-1.788	True	1.2477266675713985	False
ggT-ggC	-0.077564	True	0.8670241459332945	True
ggT-ggG	0.31899	True	0.8032678778135348	False
gtA-gtC	-1000	False	1.9861166285108778	False
gtA-gtG	-0.24094	True	0.5586064138548015	False
gtA-gtT	-1.282	True	1.15914731145845	False
gtC-gtA	-4.4237	True	1.373401143869121	False
gtC-gtG	0.13976	True	0.9000777589072639	True
gtC-gtT	-0.78751	True	0.9820541914637761	True
gtG-gtA	-0.17822	True	0.9832507932971776	True
gtG-gtC	0.2952	True	0.8686421058824224	True
gtG-gtT	-0.54464	True	0.9497815748070023	True
gtT-gtA	-1000	False	1.9856184155291265	False
gtT-gtC	0.66422	True	0.6638573480202096	False
gtT-gtG	0.78739	True	0.9185695420743958	True
taC-taT	-0.51448	True	0.9954367406841201	True
taT-taC	-0.25687	True	0.8339710588338113	False
tcA-tcC	0.042039	True	0.9195296568431882	True
tcA-tcG	-0.034417	True	0.9019547501156459	True
tcA-tcT	-0.24535	True	1.0169529890288231	True
tcC-tcA	0.21477	True	0.861663753669902	True
tcC-tcG	996.22	False	0.9647531412349178	True
tcC-tcT	-0.42456	True	0.9966378239832256	True
tcG-tcA	-0.31978	True	0.9994685805559175	True
tcG-tcC	0.16199	True	0.7406204193221391	False
tcG-tcT	3.2929	True	0.892176932509687	True
tcT-tcA	1000	False	0.8223631772527916	False
tcT-tcC	-0.28171	True	0.9711772358562142	True
tcT-tcG	-0.23612	True	0.8898931912678884	True
tgC-tgT	-0.76118	True	1.009413594488533	True
tgT-tgC	-0.75915	True	0.9469677670190562	True
ttA-ttG	-0.27492	True	0.8925446582395705	True
ttC-ttT	-0.65554	True	0.980861936794008	True
ttG-ttA	-0.88303	True	0.9264998136132092	True
ttT-ttC	0.454	True	0.9557684563662574	True
